{
  "qwen3-235b-a22b-thinking-2507": 0.0000002358,
  "glm-4-32b": 0.00000048,
  "qwen3-coder:free": 0,
  "qwen3-coder": 0.0000024,
  "ui-tars-1.5-7b": 0.0000004,
  "gemini-2.5-flash-lite": 0.0000008,
  "qwen3-235b-a22b-2507:free": 0,
  "qwen3-235b-a22b-2507": 0.00000118,
  "router": 0.0000068,
  "kimi-k2:free": 0,
  "kimi-k2": 0.00000498,
  "glm-4.1v-9b-thinking": 0.000000276,
  "devstral-medium": 0.000004,
  "devstral-small": 0.00000056,
  "dolphin-mistral-24b-venice-edition:free": 0,
  "grok-4": 0.00003,
  "gemma-3n-e2b-it:free": 0,
  "hunyuan-a13b-instruct:free": 0,
  "hunyuan-a13b-instruct": 0.00000006,
  "deepseek-r1t2-chimera:free": 0,
  "deepseek-r1t2-chimera": 0.000000604,
  "morph-v3-large": 0.0000054,
  "morph-v3-fast": 0.0000054,
  "ernie-4.5-300b-a47b": 0.0000022,
  "anubis-70b-v1.1": 0.0000016,
  "mercury": 0.000002,
  "morph-v2": 0.0000054,
  "mistral-small-3.2-24b-instruct:free": 0,
  "mistral-small-3.2-24b-instruct": 0.0000002,
  "minimax-m1": 0.0000033,
  "gemini-2.5-flash-lite-preview-06-17": 0.0000008,
  "gemini-2.5-flash": 0.000005,
  "gemini-2.5-pro": 0.00002,
  "kimi-dev-72b:free": 0,
  "o3-pro": 0.00016,
  "grok-3-mini": 0.000001,
  "grok-3": 0.00003,
  "magistral-small-2506": 0.000003,
  "magistral-medium-2506": 0.00001,
  "magistral-medium-2506:thinking": 0.00001,
  "gemini-2.5-pro-preview": 0.00002,
  "deepseek-r1-distill-qwen-7b": 0.0000004,
  "deepseek-r1-0528-qwen3-8b:free": 0,
  "deepseek-r1-0528-qwen3-8b": 0.00000004,
  "deepseek-r1-0528:free": 0,
  "deepseek-r1-0528": 0.000000544,
  "sarvam-m:free": 0,
  "sarvam-m": 0.000000044,
  "valkyrie-49b-v1": 0.000002,
  "claude-opus-4": 0.00015,
  "claude-sonnet-4": 0.00003,
  "devstral-small-2505:free": 0,
  "devstral-small-2505": 0.00000006,
  "gemma-3n-e4b-it:free": 0,
  "gemma-3n-e4b-it": 0.00000008,
  "codex-mini": 0.000012,
  "deephermes-3-mistral-24b-preview": 0.000000282,
  "mistral-medium-3": 0.000004,
  "gemini-2.5-pro-preview-05-06": 0.00002,
  "spotlight": 0.00000036,
  "maestro-reasoning": 0.0000066,
  "virtuoso-large": 0.0000024,
  "coder-large": 0.0000016,
  "phi-4-reasoning-plus": 0.0000007,
  "mercury-coder": 0.000002,
  "qwen3-4b:free": 0,
  "internvl3-14b": 0.0000008,
  "deepseek-prover-v2": 0.00000436,
  "llama-guard-4-12b": 0.0000001,
  "qwen3-30b-a3b:free": 0,
  "qwen3-30b-a3b": 0.00000058,
  "qwen3-8b:free": 0,
  "qwen3-8b": 0.000000276,
  "qwen3-14b:free": 0,
  "qwen3-14b": 0.00000048,
  "qwen3-32b": 0.000000054,
  "qwen3-235b-a22b:free": 0,
  "qwen3-235b-a22b": 0.0000012,
  "deepseek-r1t-chimera:free": 0,
  "mai-ds-r1:free": 0,
  "mai-ds-r1": 0.000000604,
  "glm-z1-32b:free": 0,
  "glm-z1-32b": 0.00000006,
  "glm-4-32b:free": 0,
  "o4-mini-high": 0.0000088,
  "o3": 0.000016,
  "o4-mini": 0.0000088,
  "shisa-v2-llama3.3-70b:free": 0,
  "shisa-v2-llama3.3-70b": 0.00000006,
  "gpt-4.1": 0.000016,
  "gpt-4.1-mini": 0.0000032,
  "gpt-4.1-nano": 0.0000008,
  "llemma_7b": 0.0000024,
  "codellama-7b-instruct-solidity": 0.0000024,
  "qwq-32b-arliai-rpr-v1:free": 0,
  "qwq-32b-arliai-rpr-v1": 0.00000003,
  "deepcoder-14b-preview:free": 0,
  "deepcoder-14b-preview": 0.00000003,
  "kimi-vl-a3b-thinking:free": 0,
  "kimi-vl-a3b-thinking": 0.000000076,
  "grok-3-mini-beta": 0.000001,
  "grok-3-beta": 0.00003,
  "llama-3.3-nemotron-super-49b-v1": 0.0000008,
  "llama-3.1-nemotron-ultra-253b-v1:free": 0,
  "llama-3.1-nemotron-ultra-253b-v1": 0.0000036,
  "llama-4-maverick": 0.0000012,
  "llama-4-scout": 0.0000006,
  "deepseek-v3-base": 0.000000604,
  "llama3.1-typhoon2-70b-instruct": 0.00000176,
  "gemini-2.5-pro-exp-03-25": 0,
  "qwen2.5-vl-32b-instruct:free": 0,
  "qwen2.5-vl-32b-instruct": 0.0000012,
  "deepseek-chat-v3-0324:free": 0,
  "deepseek-chat-v3-0324": 0.0000017,
  "qwerky-72b:free": 0,
  "o1-pro": 0.0012,
  "mistral-small-3.1-24b-instruct:free": 0,
  "mistral-small-3.1-24b-instruct": 0.000000054,
  "gemma-3-4b-it:free": 0,
  "gemma-3-4b-it": 0.00000008,
  "jamba-1.6-large": 0.000016,
  "jamba-1.6-mini": 0.0000008,
  "gemma-3-12b-it:free": 0,
  "gemma-3-12b-it": 0.00000006,
  "command-a": 0.000016,
  "gpt-4o-mini-search-preview": 0.0000012,
  "gpt-4o-search-preview": 0.00002,
  "reka-flash-3:free": 0,
  "reka-flash-3": 0.000000026,
  "gemma-3-27b-it:free": 0,
  "gemma-3-27b-it": 0.00000034,
  "anubis-pro-105b-v1": 0.000002,
  "skyfall-36b-v2": 0.00000003024,
  "phi-4-multimodal-instruct": 0.0000002,
  "sonar-reasoning-pro": 0.000016,
  "sonar-pro": 0.00003,
  "sonar-deep-research": 0.000016,
  "qwq-32b:free": 0,
  "qwq-32b": 0.0000003,
  "deephermes-3-llama-3-8b-preview:free": 0,
  "gemini-2.0-flash-lite-001": 0.0000006,
  "claude-3.7-sonnet": 0.00003,
  "claude-3.7-sonnet:thinking": 0.00003,
  "claude-3.7-sonnet:beta": 0.00003,
  "r1-1776": 0.000016,
  "mistral-saba": 0.0000012,
  "dolphin3.0-r1-mistral-24b:free": 0,
  "dolphin3.0-r1-mistral-24b": 0.000000026,
  "dolphin3.0-mistral-24b:free": 0,
  "llama-guard-3-8b": 0.00000012,
  "o3-mini-high": 0.0000088,
  "deepseek-r1-distill-llama-8b": 0.00000008,
  "gemini-2.0-flash-001": 0.0000008,
  "qwen-vl-plus": 0.00000126,
  "aion-1.0": 0.000016,
  "aion-1.0-mini": 0.0000028,
  "aion-rp-llama-3.1-8b": 0.0000004,
  "qwen-vl-max": 0.0000064,
  "qwen-turbo": 0.0000004,
  "qwen2.5-vl-72b-instruct:free": 0,
  "qwen2.5-vl-72b-instruct": 0.0000015,
  "qwen-plus": 0.0000024,
  "qwen-max": 0.0000128,
  "o3-mini": 0.0000088,
  "deepseek-r1-distill-qwen-1.5b": 0.00000036,
  "mistral-small-24b-instruct-2501:free": 0,
  "mistral-small-24b-instruct-2501": 0.00000006,
  "deepseek-r1-distill-qwen-32b": 0.0000003,
  "deepseek-r1-distill-qwen-14b:free": 0,
  "deepseek-r1-distill-qwen-14b": 0.0000003,
  "sonar-reasoning": 0.00001,
  "sonar": 0.000002,
  "lfm-7b": 0.00000002,
  "lfm-3b": 0.00000004,
  "deepseek-r1-distill-llama-70b:free": 0,
  "deepseek-r1-distill-llama-70b": 0.0000001,
  "deepseek-r1:free": 0,
  "deepseek-r1": 0.000004,
  "minimax-01": 0.0000022,
  "codestral-2501": 0.0000018,
  "phi-4": 0.00000028,
  "deepseek-chat": 0.000000544,
  "l3.3-euryale-70b": 0.0000015,
  "o1": 0.00012,
  "grok-2-vision-1212": 0.00002,
  "grok-2-1212": 0.00002,
  "command-r7b-12-2024": 0.0000003,
  "gemini-2.0-flash-exp:free": 0,
  "llama-3.3-70b-instruct:free": 0,
  "llama-3.3-70b-instruct": 0.00000024,
  "nova-lite-v1": 0.00000048,
  "nova-micro-v1": 0.00000028,
  "nova-pro-v1": 0.0000064,
  "qwq-32b-preview": 0.0000004,
  "eva-qwen-2.5-72b": 0.000012,
  "gpt-4o-2024-11-20": 0.00002,
  "mistral-large-2411": 0.000012,
  "mistral-large-2407": 0.000012,
  "pixtral-large-2411": 0.000012,
  "grok-vision-beta": 0.00003,
  "mn-inferor-12b": 0.0000024,
  "qwen-2.5-coder-32b-instruct:free": 0,
  "qwen-2.5-coder-32b-instruct": 0.0000003,
  "sorcererlm-8x22b": 0.000009,
  "unslopnemo-12b": 0.0000008,
  "claude-3.5-haiku:beta": 0.000008,
  "claude-3.5-haiku": 0.000008,
  "claude-3.5-haiku-20241022:beta": 0.000008,
  "claude-3.5-haiku-20241022": 0.000008,
  "magnum-v4-72b": 0.000006,
  "claude-3.5-sonnet:beta": 0.00003,
  "claude-3.5-sonnet": 0.00003,
  "ministral-8b": 0.0000002,
  "ministral-3b": 0.00000008,
  "qwen-2.5-7b-instruct": 0.0000002,
  "llama-3.1-nemotron-70b-instruct": 0.0000006,
  "inflection-3-pi": 0.00002,
  "inflection-3-productivity": 0.00002,
  "gemini-flash-1.5-8b": 0.0000003,
  "magnum-v2-72b": 0.000006,
  "rocinante-12b": 0.000001,
  "lfm-40b": 0.0000003,
  "llama-3.2-3b-instruct:free": 0,
  "llama-3.2-3b-instruct": 0.000000012,
  "llama-3.2-1b-instruct": 0.00000002,
  "llama-3.2-11b-vision-instruct:free": 0,
  "llama-3.2-11b-vision-instruct": 0.000000098,
  "llama-3.2-90b-vision-instruct": 0.0000024,
  "qwen-2.5-72b-instruct:free": 0,
  "qwen-2.5-72b-instruct": 0.000000202,
  "llama-3.1-lumimaid-8b": 0.000002,
  "o1-preview-2024-09-12": 0.00012,
  "o1-mini-2024-09-12": 0.0000088,
  "o1-preview": 0.00012,
  "o1-mini": 0.0000088,
  "pixtral-12b": 0.0000002,
  "command-r-08-2024": 0.0000012,
  "command-r-plus-08-2024": 0.00002,
  "qwen-2.5-vl-7b-instruct": 0.0000004,
  "l3.1-euryale-70b": 0.0000015,